Inicial,,,Fase 0,,,Fase 1,,,Fase 2,,,Fase 3,,,Fase 4,,
Memoria usada (MB),Tiempo (s),Ciclos de reloj estimados,Memoria usada (MB),Tiempo (s),Ciclos de reloj estimados,Memoria usada (MB),Tiempo (s),Ciclos de reloj estimados,Memoria usada (MB),Tiempo (s),Ciclos de reloj estimados,Memoria usada (MB),Tiempo (s),Ciclos de reloj estimados,Memoria usada (MB),Tiempo (s),Ciclos de reloj estimados,Tiempo total
443836.0,3.848899996228283e-05,461867.999547394,462384.0,9.154807564000293,109857690768.00352,466132.0,0.21991215499974714,2638945859.996966,466084.0,0.04840873900002407,290452434.0001444,466084.0,1.018499387999782,6110996327.998692,466084.0,0.13886972899990724,1110957831.9992578,10.606463554000129
466084.0,3.442700017330935e-05,275416.0013864748,470100.0,3.6703514549999454,44044217459.999344,485976.0,0.19719635999990714,2366356319.9988856,485976.0,0.0458937009998408,275362205.99904484,485976.0,1.0093500109996967,6056100065.99818,485976.0,0.20468790599989006,1228127435.9993403,5.156303793000006
485976.0,4.604200012181536e-05,276252.0007308922,486976.0,3.6731240730000536,29384992584.000427,489496.0,0.1790120279997609,2148144335.997131,489488.0,0.04322472400008337,259348344.00050023,489488.0,1.0093289159999586,6055973495.999751,489488.0,0.15325849100008782,1072809437.0006148,5.088640711000153
489488.0,3.9635000121052144e-05,277445.000847365,490480.0,3.618396070000017,43420752840.000206,495772.0,0.17393675300036193,2087241036.0043433,495772.0,0.04329780199986999,259786811.99921992,495772.0,1.0117494880000777,6070496928.000466,495772.0,0.12753198600012183,892723902.0008528,5.003652545000023
495772.0,3.968800001530326e-05,277816.0001071228,496528.0,3.6321862700001475,43586235240.00177,503080.0,0.1786187620000419,2143425144.0005028,503064.0,0.04498391900006027,269903514.0003616,503064.0,1.0141976140002953,6085185684.001772,503064.0,0.13816227500001332,1105298200.0001066,5.036845380000159
503064.0,5.119799970998429e-05,409583.9976798743,503308.0,3.6660825029998705,43992990035.99844,505324.0,0.17015323199984778,2041838783.9981732,505316.0,0.04337286700001641,260237202.00009847,505316.0,1.0085522089998449,6051313253.999069,505316.0,0.2812102509997203,1687261505.9983218,5.1988178569999945
505316.0,3.848999995170743e-05,269429.999661952,506072.0,3.632391566000024,43588698792.00029,510592.0,0.17260482700021385,2071257924.002566,510592.0,0.048394634000032966,290367804.00019777,510592.0,1.0091926330001115,6055155798.0006695,510592.0,0.11798117699981958,825868238.9987371,5.009328297000138
510592.0,3.869800002576085e-05,270886.00018032594,510836.0,3.6314631700001883,43577558040.00226,514860.0,0.1772601709999435,2127122051.9993222,514860.0,0.04445685299970137,266741117.99820822,514860.0,1.0104650909997872,6062790545.998723,514860.0,0.11756392699999196,822947488.9999437,5.009893190999719
514860.0,4.12500003221794e-05,288750.0022552558,515856.0,3.6145750149999003,43374900179.9988,522156.0,0.17710666499988292,2125279979.998595,522152.0,0.04464804200006256,267888252.00037536,522152.0,1.014098069999818,6084588419.998909,522152.0,0.1678270839997822,1174789587.9984753,5.0463364030001685
522152.0,3.958299976147828e-05,277080.99833034794,523124.0,3.6508532119996744,43810238543.99609,528164.0,0.17713977399989744,2125677287.9987693,528156.0,0.04434487100024853,266069226.0014912,528156.0,1.0143582929999866,6086149757.99992,528156.0,0.20526363399994807,1436845437.9996364,5.12095182999974
528156.0,4.104100025870139e-05,287287.0018109097,528652.0,3.6730910149999545,33057819134.99959,533684.0,0.18127678400014702,2175321408.0017643,533684.0,0.04301442199994199,258086531.99965194,533684.0,1.0121157619996666,6072694571.997999,533684.0,0.1541972300001362,1079380610.0009532,5.093568037000296
533684.0,4.1509999846311985e-05,290569.9989241839,534180.0,3.643615933000092,43723391196.00111,539220.0,0.17346959299993614,2081635115.9992337,539212.0,0.04429477100029544,265768626.00177264,539212.0,1.0110973989999366,6066584393.9996195,539212.0,0.14051244600022983,983587122.0016088,5.040986661999796
539212.0,3.953099985665176e-05,276716.9989965623,539716.0,3.651535185999819,43818422231.997826,545008.0,0.17802259300015066,2136271116.001808,544988.0,0.044237063999844395,265422383.99906638,544988.0,1.0112370560000272,6067422336.000163,544988.0,0.2087096720001682,1252258032.0010092,5.123252306999802
544988.0,4.302099978303886e-05,258125.99869823316,545980.0,4.709715673000119,56516588076.00143,550768.0,0.17676622499993755,2121194699.9992507,550768.0,0.043933909999850584,263603459.99910352,550768.0,1.0119367090001106,6071620254.000664,550768.0,0.1478786089996902,1035150262.9978313,6.11994602599998
550768.0,3.895800000464078e-05,272706.00003248546,550768.0,3.690131982999901,44281583795.99881,550768.0,0.16441133699981947,1972936043.9978337,550752.0,0.0432375890000003,259425534.0000018,550752.0,1.0103164780002771,6061898868.001663,550752.0,0.1754531329997917,1052718797.9987502,5.1139397380002265
550752.0,4.45840000793396e-05,267504.0004760376,551004.0,3.616352395999911,43396228751.99893,550988.0,0.17129136399989875,2055496367.998785,550988.0,0.043965132999801426,263790797.99880856,550988.0,1.0150313429999187,6090188057.999513,550988.0,0.13637543100003313,818252586.0001988,5.011985666999863
550988.0,4.364599999462371e-05,261875.99996774225,550988.0,3.6985483790003855,44382580548.00462,550988.0,0.1669274010000663,2003128812.0007958,550972.0,0.04475555599992731,268533335.9995639,550972.0,1.0110405479999827,6066243287.999896,550972.0,0.20452857300006144,1227171438.0003686,5.155892640999809
550972.0,4.270799990990781e-05,256247.99945944687,551224.0,3.669144256999971,44029731083.99965,551224.0,0.16604890100006742,1992586812.000809,551208.0,0.04440474200009703,266428452.0005822,551208.0,1.0093084480004109,6055850688.002465,551208.0,0.16585431099974812,995125865.9984888,5.085022112999923
551208.0,4.4114000047557056e-05,264684.00028534234,551460.0,3.630725116999656,43568701403.99587,551460.0,0.16413576800005103,1969629216.0006123,551444.0,0.04458816199985449,267528971.99912694,551444.0,1.0100766069999736,6060459641.999842,551444.0,0.16064529999994193,963871799.9996516,5.040615268000238
551444.0,8.682299994688947e-05,520937.9996813368,551444.0,3.6395246980000593,29116197584.000473,551428.0,0.168775905000075,2025310860.0009,551428.0,0.043561336000038864,261368016.00023317,551428.0,1.0102828409999347,6061697045.999608,551428.0,2.6889835869997114,16133901521.998268,7.582468876000348
551428.0,4.4843000068794936e-05,269058.0004127696,551420.0,3.658012486000189,43896149832.002266,551412.0,0.9749374050002189,11699248860.002626,551404.0,0.044828103000327246,268968618.0019635,551404.0,1.014692019999984,6088152119.999905,551404.0,0.3134584869999344,1880750921.9996064,6.036437237999962
551404.0,4.390599997350364e-05,263435.99984102184,551400.0,3.656284945999687,43875419351.99625,551400.0,0.28462265600001047,3415471872.0001254,551396.0,0.044828220999988844,268969325.99993306,551396.0,1.0122426379998615,6073455827.999168,551396.0,0.2647409709998101,1588445825.9988606,5.294484259000001
551396.0,4.765599987877067e-05,285935.99927262403,551396.0,3.6462884429997757,43755461315.99731,551396.0,0.16532082399999126,1983849887.999895,551380.0,0.043369609999899694,260217659.99939817,551380.0,1.013129814000422,6078778884.002531,551380.0,0.14529549899998528,1017068492.999897,5.0426715720000175
551380.0,5.468700010169414e-05,382809.000711859,551380.0,3.6122478970000884,43346974764.00106,551380.0,0.16354790200011848,1962574824.0014217,551364.0,0.04435251999984757,266115119.99908543,551364.0,1.0133274609997898,6079964765.998738,551364.0,0.15631687199993394,1250534975.9994714,5.017932847000338
551364.0,3.6719000036100624e-05,293752.000288805,551356.0,3.6405014350002602,43686017220.00312,551348.0,0.16548512800000026,1985821536.000003,551348.0,0.043786379999801284,262718279.9988077,551348.0,1.012370737999845,6074224427.99907,551348.0,0.22734705599987137,1364082335.9992282,5.117937647999952
551348.0,4.328199975134339e-05,259691.99850806035,551340.0,3.6404052000002594,43684862400.00311,551332.0,0.16480965199980346,1977715823.9976416,551332.0,0.0444407670001965,266644602.001179,551332.0,1.0111738599998716,6067043159.999229,551332.0,0.22834308200026499,1370058492.00159,5.120026444999894
551332.0,5.291599973133998e-05,357182.99818654486,551576.0,3.6391418919997705,43669702703.997246,553340.0,0.16847437200021886,2021692464.0026264,553552.0,0.04353126300020449,261187578.00122693,553552.0,1.0115007310000692,6069004386.000415,553552.0,0.19540320499982045,1367822434.998743,5.086906599000031
553552.0,3.9896000089356676e-05,279272.00062549673,554308.0,3.6260806029999912,43512967235.99989,560860.0,0.18117104900011327,2174052588.0013595,560844.0,0.04372676599996339,262360595.99978036,560844.0,1.010077191000164,6060463146.000984,560844.0,0.11975443100027405,838281017.0019183,5.009611216999929
560844.0,4.1197999962605536e-05,288385.99973823875,560836.0,3.6619268519998514,43943122223.998215,562340.0,0.17070148399989193,2048417807.9987032,562340.0,0.0435805629999777,261483377.99986622,562340.0,1.0100046379998275,6060027827.998965,562340.0,0.10473024600014469,733111722.0010128,5.019425324000167
562340.0,3.9322999782598345e-05,275260.9984781884,563348.0,3.6352383749999717,43622860499.999664,568388.0,0.17338985299966225,2080678235.9959471,568372.0,0.04323411199993643,259404671.9996186,568372.0,1.0123489560000962,7086442692.000673,568372.0,0.14913793300001998,1043965531.0001398,5.041964049999933
568372.0,3.885400019498775e-05,271978.00136491423,568616.0,4.923547136000252,59082565632.00302,568616.0,0.17520796400003746,2102495568.0004497,568608.0,0.04333331199995882,259999871.99975294,568608.0,1.010676667000098,6064060002.000587,568608.0,0.12299607000022661,860972490.0015863,6.305331744000341
568608.0,8.541700026398757e-05,597919.001847913,568852.0,3.715884911000103,44590618932.001236,568844.0,0.16594386599990685,1991326391.998882,568844.0,0.04325109500041435,259506570.0024861,568844.0,1.01298332999977,6077899979.998619,568844.0,0.24364395800012062,1461863748.0007236,5.211825409000085
568844.0,4.4686999899568036e-05,268121.9993974082,568844.0,3.6777722660003747,44133267192.00449,568844.0,0.16389521800010698,1966742616.0012836,568828.0,0.04449049599998034,266942975.99988204,568828.0,1.011875315999987,6071251895.999922,568828.0,0.10769891400013876,753892398.0009713,5.035563791999721
568828.0,3.8072999814176e-05,266510.998699232,568828.0,3.6686350199997833,44023620239.9974,568828.0,0.16364177300010851,1963701276.0013022,568812.0,0.04425288199990973,265517291.9994584,568812.0,1.0103931389999161,6062358833.999496,568812.0,0.11409597400006533,798671818.0004573,5.030895473999863
568812.0,5.364500020732521e-05,375515.0014512765,568812.0,3.6505969730001198,43807163676.001434,568796.0,0.16434999400007655,1972199928.0009186,568796.0,0.0441891300001771,265134780.0010626,568796.0,1.0103158550000444,6061895130.000266,568796.0,0.12298458900022524,860892123.0015767,5.0211361970000326
568796.0,3.906199981429381e-05,273433.9987000567,569040.0,3.6586429740000312,32927786766.000282,569040.0,0.17966514999989158,2155981799.998699,569032.0,0.04541215400013243,272472924.0007946,569032.0,1.010079094000048,6060474564.000287,569032.0,0.2067447520003043,1240468512.0018258,5.131397677999757
569032.0,4.4270999751461204e-05,265625.9985087672,569024.0,3.6556915090000075,32901223581.00007,569024.0,0.18316455900003348,2197974708.0004015,569024.0,0.04329368200023964,259762092.00143784,569024.0,1.0110148290000325,6066088974.000195,569024.0,0.17652702200030035,1059162132.0018021,5.1009819249998145
569024.0,4.4426999920688104e-05,266561.9995241286,570276.0,3.6702089060004255,44042506872.005104,570276.0,0.1659408010000334,1991289612.0004008,570268.0,0.04881837400034783,292910244.002087,570268.0,1.0117259310000009,6070355586.000005,570268.0,0.18828864499982956,1129731869.9989774,5.114964128999873
570268.0,4.447899982551462e-05,266873.9989530877,570268.0,3.6157624020002004,32541861618.001804,570252.0,0.17866841200020644,2144020944.0024774,570252.0,0.04754804200001672,285288252.0001003,570252.0,1.008079184000053,6048475104.000318,570252.0,0.14216976999978215,995188389.9984751,5.024004222000258
570252.0,3.8593999761360465e-05,270157.99832952325,570244.0,3.676223731999926,44114684783.99911,570244.0,0.16402667900001688,1968320148.0002027,570232.0,0.043430329999864625,260581979.99918774,570232.0,1.0110947600001055,6066568560.000632,570232.0,0.2239928939998208,1343957363.9989247,5.147757055000056
570232.0,5.833400018673274e-05,350004.0011203964,570224.0,3.619609698000204,43435316376.00245,570224.0,0.1647608369999034,1977130043.9988408,570216.0,0.043304592999902525,259827557.99941516,570216.0,1.0142499200001112,6085499520.000667,570216.0,0.10082405599996491,705768391.9997544,4.972342761000164
570216.0,3.8021000364096835e-05,266147.00254867785,570208.0,3.613618691999818,43363424303.99782,570204.0,0.16500452800028143,1980054336.0033772,570200.0,0.04472229700013486,268333782.00080916,570200.0,1.0100638019998769,6060382811.999261,570200.0,0.16275437500007683,1139280625.0005379,5.024941520000084
570200.0,3.974000037487713e-05,278180.0026241399,570200.0,3.6260484129998076,43512580955.99769,570200.0,0.16695529700018596,2003463564.0022316,570184.0,0.04429808500026411,265788510.00158465,570184.0,1.013272715000312,6079636290.001872,570184.0,0.1122390120003729,785673084.0026103,4.99063567300027
570184.0,4.171899990979e-05,292032.99936853,570184.0,3.6616668649999156,29293334919.999325,570924.0,0.16880179500003578,2025621540.0004294,570924.0,0.044459555999765143,266757335.99859086,570924.0,1.0132986160001565,6079791696.000938,570924.0,0.15886760500006858,1112073235.00048,5.076862780000283
570924.0,4.010400016341009e-05,280728.00114387064,570924.0,3.6518783850001455,43822540620.00175,572420.0,0.1712627709998742,2055153251.9984903,572420.0,0.046748526000101265,280491156.0006076,572420.0,1.008916044000216,6053496264.001296,572420.0,0.16542408900022565,1157968623.0015795,5.0729664390000835
572420.0,4.5312000111152884e-05,317184.0007780702,572404.0,4.871342185999765,58456106231.997185,574168.0,0.16995719700025802,2039486364.0030963,574168.0,0.043905414000164456,263432484.00098673,574168.0,1.0122675590000654,6073605354.000392,574168.0,0.12606239200022173,882436744.0015521,6.251598403000116
574168.0,4.1197999962605536e-05,288385.99973823875,574160.0,3.718398323999736,44620779887.99683,574160.0,0.16972088900001836,2036650668.0002203,574152.0,0.043343884000023536,260063304.0001412,574152.0,1.0117259660000855,6070355796.000513,574152.0,2.6310381019998204,15786228611.998922,7.604954978000023
574152.0,4.489599996304605e-05,269375.9997782763,574152.0,3.693261440999777,44319137291.99732,574136.0,0.1669030279999788,2002836335.9997456,574136.0,0.043591275999915524,261547655.99949315,574136.0,1.0101421320000554,6060852792.000333,574136.0,0.14528742099992087,1017011946.999446,5.089053946000149
574136.0,3.979200027970364e-05,278544.0019579255,574128.0,3.6778984669999772,44134781603.999725,574128.0,0.16468662400029643,1976239488.0035572,574120.0,0.04370017400015058,262201044.0009035,574120.0,1.0188375920001818,6113025552.001091,574120.0,0.1857875900000181,1114725540.0001085,5.120488940000087
574120.0,4.510399958235212e-05,270623.9974941127,574120.0,3.6624996120003743,43949995344.00449,574104.0,0.1658633860001828,1990360632.0021937,574104.0,0.047649636999722134,285897821.9983328,574104.0,1.014606690999699,6087640145.998194,574104.0,0.19164209600012327,1149852576.0007396,5.112024913999903
574104.0,4.2239999856974464e-05,253439.99914184678,574104.0,3.6358740850000686,43630489020.000824,574104.0,0.1682089979999546,2018507975.999455,574088.0,0.04310377100000551,258622626.00003305,574088.0,1.01624123900001,6097447434.00006,574088.0,0.15933340099991256,1115333806.999388,5.051554726000177
574088.0,3.9323000237345695e-05,275261.00166141987,574332.0,3.6924469679997856,44309363615.99743,574324.0,0.17057846399984555,2046941567.9981465,574324.0,0.043498882000221784,260993292.0013307,574324.0,1.0127118479999808,7088982935.999866,574324.0,0.1858474179998666,1115084507.9991996,5.13399540599994
574324.0,4.432299965628772e-05,265937.9979377263,574576.0,3.6384432119998564,43661318543.998276,574560.0,0.16473999000027106,1976879880.0032527,574560.0,0.04331603199989331,259896191.99935988,574560.0,1.0123984359997849,6074390615.998709,574560.0,0.1698387719998209,1188871403.9987462,5.057556390999707
574560.0,4.098899989912752e-05,286922.99929389264,574560.0,3.6256946280000193,43508335536.00023,574560.0,0.17394766200004597,2087371944.0005517,574540.0,0.04319282300002669,259156938.00016016,574540.0,1.010132583000086,6060795498.000516,574540.0,0.15958625199982635,1117103763.9987843,5.040925148000042
574540.0,3.9635000121052144e-05,277445.000847365,572288.0,3.633847587999753,43606171055.99704,572436.0,0.16534456299996236,1984134755.9995484,572436.0,0.04693507399997543,281610443.9998526,572436.0,1.015074727999945,6090448367.99967,572436.0,0.41991786100015815,2519507166.000949,5.309729241000241
572436.0,6.317699990177061e-05,379061.9994106237,572436.0,3.6483908909999627,43780690691.99955,572436.0,0.1637766990002092,1965320388.0025103,572420.0,0.04336755999975139,260205359.99850836,572420.0,1.0135106439997799,6081063863.998679,572420.0,0.13309191300004386,798551478.0002632,5.031759838999733
572420.0,4.3801999709103256e-05,262811.99825461954,572408.0,3.6593291600001976,43911949920.00237,572404.0,0.21019225600002756,2522307072.0003304,572404.0,0.04469389099995169,268163345.99971014,572404.0,1.010692296000343,6064153776.002058,572404.0,0.2013655139999173,1258534462.499483,5.1565826930000185
572404.0,4.541600037555327e-05,272496.0022533196,572404.0,3.653404783000042,43840857396.0005,572404.0,0.16346278600030928,1961553432.0037115,572388.0,0.04443434599988905,266606075.99933428,572372.0,1.0099993049998375,6059995829.999024,572372.0,0.14253223600007914,997725652.000554,5.0431556410003395
572372.0,3.927099987777183e-05,274896.9991444028,572372.0,3.6471312989997386,43765575587.996864,572624.0,0.16456470499997522,1974776459.9997027,572624.0,0.044825168999977905,268951013.99986744,572624.0,1.0089619939999466,6053771963.99968,572624.0,0.1273620279998795,891534195.9991565,5.021849776999716
572624.0,3.911500016329228e-05,273805.00114304596,572624.0,3.6241205360001914,43489446432.0023,572624.0,0.16454241000019465,1974508920.0023358,572600.0,0.04321480699991298,259288841.9994779,572600.0,1.0103482690001329,6062089614.000797,572600.0,0.19871660400031033,1192299624.001862,5.070735171000251
572600.0,8.937500024330802e-05,536250.0014598481,572584.0,4.908999788000074,58907997456.000885,573592.0,0.17518158500024583,2102179020.00295,573592.0,0.044028954000168596,264173724.00101158,573592.0,1.0107368880003378,6064421328.002027,573592.0,0.11900543899992044,833038072.999443,6.28725202600026
573592.0,5.369700011215173e-05,375879.0007850621,573584.0,3.721276599000248,44655319188.002975,573584.0,0.1710667529996499,2052801035.9957988,573576.0,0.048813888000040606,292883328.00024366,573576.0,1.0142483639997408,6085490183.998445,573576.0,0.14732017400001496,1031241218.0001047,5.13123915999995
573576.0,3.828099988822942e-05,267966.9992176059,573568.0,3.7990657770001235,45588789324.00148,573568.0,0.16457344099990223,1974881291.9988267,573560.0,0.043335268999726395,260011613.99835837,573560.0,1.01074689699999,6064481381.99994,573560.0,0.28069393599980685,1684163615.998841,5.327176200999929
573560.0,4.286400007913471e-05,257184.00047480827,573560.0,3.709650066999984,44515800803.99981,573560.0,0.16727696899988587,2007323627.9986303,573544.0,0.043134343000019726,258806058.00011835,573544.0,1.0124220779998723,6074532467.999233,573544.0,0.15583450999974957,935007059.9984974,5.118319831000008
573544.0,4.4583000089915004e-05,267498.00053949,573536.0,3.678981692999969,44147780315.999626,573536.0,0.1657758780002041,1989310536.0024493,573528.0,0.04446195699983946,266771741.99903676,573528.0,1.0168444900000395,6101066940.000237,573528.0,0.18684469999971043,1121068199.9982626,5.123421621000034
573528.0,6.624900015594903e-05,397494.0009356942,573520.0,3.680959186999644,44171510243.99573,573512.0,0.16383567299999413,1966028075.9999297,573512.0,0.043330052999863256,259980317.99917954,573512.0,1.013361410000016,6080168460.000095,573512.0,0.19230373800019152,1153822428.0011492,5.123488801000349
573512.0,4.5155999941925984e-05,270935.9996515559,573504.0,3.677878526999848,44134542323.99818,573504.0,0.16427650199966592,1971318023.995991,573496.0,0.04311898200012365,258713892.0007419,573496.0,1.0104578079999555,6062746847.999733,573496.0,0.4029289090003658,2417573454.002195,5.328999569000189
573496.0,4.3801999709103256e-05,262811.99825461954,573488.0,3.669106482999723,44029277795.99667,573480.0,0.16492003800021848,1979040456.002622,573476.0,0.04329062000033446,259743720.00200674,573476.0,1.0126484059996983,6075890435.99819,573476.0,0.1912654019997717,1338857813.9984019,5.109942711999793
573476.0,4.031200023746351e-05,282184.00166224455,573468.0,3.6647638529998403,43977166235.998085,573468.0,0.16728263000004517,2007391560.0005422,573460.0,0.04412804200001119,264768252.00006714,573460.0,1.0117637039998044,6070582223.998827,573460.0,0.17701451700031612,1062087102.0018967,5.093999091000114
573460.0,4.4270000216783956e-05,265620.00130070373,573704.0,3.655030882999654,43860370595.99585,573700.0,0.1655186230000254,1986223476.0003047,573696.0,0.04349245299999893,260954717.9999936,573696.0,1.0115437399999792,6069262439.999875,573696.0,0.10396375800019086,727746306.0013361,5.008543300999918
573696.0,4.333299966674531e-05,303330.99766721716,573696.0,3.6532042920002823,43838451504.00339,573696.0,0.16889954399994167,2026794527.9993,573680.0,0.04360212500068883,261612750.004133,573680.0,1.010825496000507,6064952976.003042,573680.0,0.14154720200076554,990830414.0053588,5.047002190999592
573680.0,3.895800000464078e-05,272706.00003248546,573680.0,3.63528620300076,43623434436.00912,573664.0,0.16523762899942085,1982851547.99305,573664.0,0.044421639999200124,266529839.99520075,573664.0,1.012303234000683,6073819404.004098,573664.0,0.204478669999844,1431350689.9989078,5.09112673799973
573664.0,3.833299979305593e-05,268330.99855139153,573664.0,3.6211513670004933,43453816404.00592,573664.0,0.16780428899983235,2013651467.9979882,573648.0,0.04306482100037101,258388926.00222608,573648.0,1.012698941999588,6076193651.997528,573648.0,0.16136589699999604,1129561278.9999723,5.034864016000029
573648.0,3.9167000068118796e-05,274169.00047683157,573644.0,3.6112913609995303,43335496331.99436,574640.0,0.20082871000067826,2409944520.008139,574872.0,0.04380324300018401,262819458.00110406,574872.0,1.0919533140004205,6551719884.002523,574872.0,0.20100430000002234,1206025800.000134,5.177959900000133
574872.0,4.5415999920805916e-05,272495.9995248355,574864.0,3.677088671999627,44125064063.99552,574864.0,0.16671607799980848,2000592935.9977016,574856.0,0.043653636000271945,261921816.00163168,574856.0,1.0097394699996585,6058436819.997951,574856.0,0.2368970329998774,1480606456.2492337,5.163572975000534
574856.0,4.229099977237638e-05,296036.99840663467,575100.0,3.626255639000192,43515067668.002304,575848.0,0.1717264629996862,2060717555.9962342,575848.0,0.04366726900025242,262003614.0015145,575848.0,1.0117414830001508,6070448898.000905,575848.0,0.13653631800025323,955754226.0017726,5.018064183999741
575848.0,5.317700015439186e-05,372239.00108074304,575848.0,3.614132110000355,43369585320.004265,577452.0,0.17499379600030807,2099925552.0036967,569108.0,0.045161889999690175,270971339.99814105,569108.0,1.0111591459999545,6066954875.999727,569108.0,0.13969151099990995,977840576.9993696,5.014414414999919
569108.0,3.8905000110389665e-05,272335.00077272765,569352.0,5.043416579999757,60520998959.997086,571116.0,0.17005101799986733,2040612215.9984078,571108.0,0.046986223999738286,281917343.9984297,571108.0,1.0100003690004087,7070002583.002861,571108.0,0.1490771049993782,1043539734.9956474,6.448061906000476
571108.0,3.869800002576085e-05,270886.00018032594,571584.0,3.7732083419996343,45278500103.99561,571584.0,0.16538781300005212,1984653756.0006254,571568.0,0.04313924300004146,258835458.00024876,571568.0,1.0119664839994584,6071798903.996751,571568.0,0.08305724399997416,581400707.9998192,5.105998900000486
571568.0,4.130099932808662e-05,289106.9952966063,571804.0,3.7194603910002115,44633524692.00254,571804.0,0.1662691299998187,1995229559.9978242,571804.0,0.04332353400059219,259941204.00355315,571804.0,1.0107593499997165,6064556099.998299,571804.0,0.26903102500000386,1614186150.0000231,5.2388961169999675
571804.0,4.406199968798319e-05,264371.99812789913,571800.0,3.7233050540007753,33509745486.006977,571800.0,0.18784553200021037,2254146384.0025244,571784.0,0.04363703099988925,261822185.9993355,571784.0,1.0092165409996596,6055299245.997958,571784.0,0.12432608600011008,870282602.0007706,5.119826199999807
571784.0,3.85410003218567e-05,269787.0022529969,571784.0,3.6689090800000486,44026908960.00058,571784.0,0.16554350800015527,1986522096.0018632,571992.0,0.04316960999949515,259017659.9969709,571992.0,1.0109372840006472,6065623704.003883,571992.0,0.2761609180006417,1656965508.0038502,5.193874821999998
571992.0,4.468700080906274e-05,268122.0048543764,571992.0,3.674903051000001,44098836612.000015,571976.0,0.16572790300051565,1988734836.006188,571976.0,0.04386450499987404,263187029.99924427,571976.0,1.0128975020006692,6077385012.004015,571976.0,0.21094378699945082,1476606508.9961557,5.137861171000623
571976.0,4.140500004723435e-05,289835.00033064047,571976.0,3.6645304029998442,43974364835.99813,571976.0,0.16788644300049782,2014637316.0059738,571960.0,0.043365737999920384,260194427.9995223,571960.0,1.0095387609999307,6057232565.999584,571960.0,0.0828792299998895,497275379.999337,4.997788386000138
571960.0,4.3957999878330156e-05,307705.9991483111,571960.0,3.655663079000078,43867956948.00094,571944.0,0.16718798200054152,2006255784.0064983,571944.0,0.043338598999980604,260031593.99988362,571944.0,1.0100639330003105,6060383598.001863,571944.0,0.16501707900079055,1155119553.005534,5.069715999999971
571944.0,3.848899996228283e-05,269422.9997359798,572196.0,3.6292389929994897,43550867915.99387,572180.0,0.16551739500027907,1986208740.0033488,572180.0,0.04316904600000271,259014276.00001624,572180.0,1.009585311000592,6057511866.0035515,572180.0,0.11160067200034973,781204704.0024481,4.98771257899989
572180.0,3.984300019510556e-05,278901.0013657389,572180.0,3.6764441249997617,44117329499.99714,572180.0,0.16980195499945694,2037623459.9934833,572164.0,0.04466044299988425,267962657.99930552,572164.0,1.0095401700000366,6057241020.000219,572164.0,0.16936712599999737,1185569881.9999816,5.099255132000508
572164.0,3.9478999497077893e-05,276352.99647954525,572164.0,3.6226217920002455,43471461504.002945,572164.0,0.16595847199914715,1991501663.989766,572148.0,0.04413491099967359,264809465.99804157,572148.0,1.0125560899996344,6075336539.997807,572148.0,0.16064640100012184,963878406.000731,5.036136422999334
572148.0,4.406200059747789e-05,264372.00358486734,572400.0,3.6236550769999667,43483860923.9996,572384.0,0.16607817699969019,1992938123.9962823,572384.0,0.04419888400025229,265193304.00151375,572384.0,1.0107915850003337,6064749510.002003,572384.0,0.13530365000042366,947125550.0029656,5.0092946840004515
572384.0,4.124899987800745e-05,288742.99914605217,572628.0,3.6302206319996912,32671985687.997223,572620.0,0.18759069000043382,2251088280.005206,572620.0,0.04402111799936392,264126707.99618354,572620.0,1.0110578899993925,6066347339.996355,572620.0,0.09310350899977493,651724562.9984245,4.994860900000276
572620.0,4.052100030094152e-05,283647.00210659066,572620.0,3.6648086610002792,29318469288.002235,572620.0,0.17546655799924338,2105598695.9909205,572604.0,0.047544650999952864,285267905.9997172,572604.0,1.009086871999898,6054521231.999388,572604.0,0.10722442299993418,750570960.9995393,5.0350012260005315
572604.0,3.958300021622563e-05,277081.0015135794,572604.0,3.6712369569995644,29369895655.996517,572844.0,0.17897065800025302,2147647896.0030365,572840.0,0.04343985399918893,260639123.99513355,572840.0,1.015148636000049,6090891816.000294,572840.0,0.18102658599946153,1086159515.9967692,5.1205741630001285
572840.0,4.390600042825099e-05,263436.00256950594,572832.0,4.979491539000264,59753898468.003174,575596.0,0.17023331400014285,2042799768.0017142,575596.0,0.043542202999560686,261253217.9973641,575596.0,1.0127269489994433,6076361693.996659,575588.0,0.10432692199992744,730288453.999492,6.339545437999732
575588.0,4.052099939144682e-05,283646.99574012775,575588.0,3.760407419999865,45124889039.99838,575588.0,0.16441604200008442,1972992504.001013,575580.0,0.04318410300038522,259104618.00231132,575580.0,1.0112625830006436,6067575498.003861,575580.0,0.10308621399963158,721603497.997421,5.111216557999796
575580.0,4.015600006823661e-05,281092.00047765626,575828.0,3.7533256579999943,45039907895.99993,575824.0,0.1669168680000439,2003002416.000527,575812.0,0.04334019900034036,260041194.00204217,575812.0,1.012481366999964,6074888201.9997835,575812.0,0.12824739500047144,897731765.0033001,5.132751950000056
575812.0,3.963499966630479e-05,277444.99766413355,575812.0,3.6994721809996918,44393666171.9963,575796.0,0.16527445100018667,1983293412.0022402,575796.0,0.04553255800055922,273195348.0033553,575796.0,1.0171593349996328,6102956009.997797,575796.0,0.16113845800009585,966830748.0005751,5.11867430699931
575796.0,5.8802000239666086e-05,352812.0014379965,575796.0,3.6833765100000164,44200518120.0002,575796.0,0.165241966999929,1982903603.999148,575780.0,0.0433170260002953,259902156.0017718,575780.0,1.0155683479997606,6093410087.998564,575780.0,0.2264836539998214,1358901923.9989283,5.16450951600018
575780.0,4.494699987844797e-05,269681.9992706878,575780.0,3.6558090540002013,32902281486.001812,575764.0,0.17598157099928358,2111778851.9914029,575764.0,0.04318739700011065,259124382.0006639,575764.0,1.0134436130001632,6080661678.000979,575764.0,0.1565145169997777,1095601618.9984438,5.075570406999759
575764.0,4.1770999814616516e-05,292396.9987023156,575760.0,3.7324515749996863,44789418899.99624,575760.0,0.1655560550007067,1986672660.0084803,575748.0,0.04374352600007114,262461156.00042686,575748.0,1.0161144579997199,6096686747.99832,575748.0,0.1310779890000049,1048623912.0000391,5.118614950999472
575748.0,3.6302000808063895e-05,290416.00646451116,575748.0,3.6472012229996835,43766414675.9962,575732.0,0.1686960420001924,2024352504.0023086,575732.0,0.04328615399936098,259716923.99616587,575732.0,1.0099731919999613,6059839151.999767,575732.0,0.11417408800025441,799218616.0017809,5.0108938910007055
